collateral_id,loan_id,collateral_type,collateral_value,valuation_date
CL2001,LN1001,EQP,3000000,2025-09-30
CL2002,LN1003,ARI,2500000,2026-03-31
CL2003,LN1004,OFF,25000000,2025-06-15
CL2004,LN1005,EQP,1800000,2025-12-31
CL2005,LN1007,MFR,33000000,2025-10-01
CL2006,LN1009,RTL,19000000,2023-02-10
CL2007,LN1011,IND,30500000,2025-08-20
CL2008,LN1014,MFR,22000000,2025-12-05
CL2009,LN1017,RTL,12500000,2026-01-15
CL2010,LN1019,OFF,36000000,2025-11-20
CL2011,LN1020,IND,21000000,2026-02-28
CL2012,LN1022,EQP,3500000,2025-07-31
CL2013,LN1023,OFF,11500000,2025-01-05
CL2014,LN1024,MFR,17500000,2025-09-09
CL2015,LN1025,EQP,2800000,2025-11-30
CL2016,LN1026,RTL,11000000,2025-05-19
CL2017,LN1028,EQP,1200000,2026-01-31
CL2018,LN1030,ARI,1000000,2026-03-31
CL2019,LN1031,OFF,16000000,2024-11-30
CL2020,LN1033,IND,13500000,2024-07-25
CL2021,LN1036,MFR,18500000,2024-09-15
CL2022,LN1040,MFR,12000000,2025-04-10
CL2023,LN1037,ARI,1500000,2026-03-31
CL2024,LN1011,IND,2000000,2025-08-20
