status_hist_id,loan_id,status_code,effective_date,load_ts
50001,LN1001,C,2021-03-15,2021-03-15 06:00:00
50002,LN1002,C,2023-01-10,2023-01-10 06:00:00
50003,LN1003,C,2022-06-01,2022-06-01 06:00:00
50004,LN1004,C,2019-09-30,2019-09-30 06:00:00
50005,LN1005,C,2020-11-20,2020-11-20 06:00:00
50006,LN1006,C,2024-02-12,2024-02-12 06:00:00
50007,LN1007,C,2018-05-01,2018-05-01 06:00:00
50008,LN1008,C,2021-08-18,2021-08-18 06:00:00
50009,LN1009,C,2017-04-11,2017-04-11 06:00:00
50010,LN1010,C,2022-10-05,2022-10-05 06:00:00
50011,LN1011,C,2020-02-28,2020-02-28 06:00:00
50012,LN1012,C,2022-05-16,2022-05-16 06:00:00
50013,LN1013,C,2019-07-22,2019-07-22 06:00:00
50014,LN1014,C,2021-12-15,2021-12-15 06:00:00
50015,LN1015,C,2023-04-03,2023-04-03 06:00:00
50016,LN1016,C,2024-06-28,2024-06-28 06:00:00
50017,LN1017,C,2016-03-18,2016-03-18 06:00:00
50018,LN1018,C,2020-09-09,2020-09-09 06:00:00
50019,LN1019,C,2018-11-01,2018-11-01 06:00:00
50020,LN1020,C,2021-06-14,2021-06-14 06:00:00
50021,LN1021,C,2019-01-25,2019-01-25 06:00:00
50022,LN1022,C,2022-03-30,2022-03-30 06:00:00
50023,LN1023,C,2025-01-15,2025-01-15 06:00:00
50024,LN1024,C,2019-08-20,2019-08-20 06:00:00
50025,LN1025,C,2021-10-12,2021-10-12 06:00:00
50026,LN1026,C,2015-07-07,2015-07-07 06:00:00
50027,LN1027,C,2023-09-19,2023-09-19 06:00:00
50028,LN1028,C,2020-04-01,2020-04-01 06:00:00
50029,LN1029,C,2021-12-01,2021-12-01 06:00:00
50030,LN1030,C,2022-07-15,2022-07-15 06:00:00
50031,LN1031,C,2022-11-30,2022-11-30 06:00:00
50032,LN1032,C,2023-05-22,2023-05-22 06:00:00
50033,LN1033,C,2024-08-08,2024-08-08 06:00:00
50034,LN1034,C,2022-01-18,2022-01-18 06:00:00
50035,LN1035,C,2023-02-27,2023-02-27 06:00:00
50036,LN1036,C,2024-10-01,2024-10-01 06:00:00
50037,LN1037,C,2024-03-11,2024-03-11 06:00:00
50038,LN1038,C,2025-02-03,2025-02-03 06:00:00
50039,LN1039,C,2021-06-25,2021-06-25 06:00:00
50040,LN1040,C,2025-04-30,2025-04-30 06:00:00
50041,LN1013,30,2026-06-05,2026-06-06 06:00:00
50042,LN1022,30,2026-05-01,2026-05-02 06:00:00
50043,LN1022,60,2026-05-31,2026-06-01 06:00:00
50044,LN1029,XX,2026-05-28,2026-05-29 06:00:00
50045,LN1030,30,2026-04-20,2026-04-21 06:00:00
50046,LN1030,60,2026-05-20,2026-05-21 06:00:00
50047,LN1030,90,2026-06-19,2026-06-20 06:00:00
50048,LN1035,30,2026-05-30,2026-05-31 06:00:00
50049,LN1015,30,2026-06-15,2026-06-16 06:00:00
50050,LN1015,C,2026-06-15,2026-06-16 14:30:00
50051,LN1017,NA,2026-03-31,2026-04-01 06:00:00
