customer_id,customer_name,naics_code,state_code,obligor_rating,customer_since
C0001,Blue Ridge Logistics Inc,484121,VA,4,2012-04-02
C0002,Canyon Foods Distribution LLC,424410,AZ,5,2015-09-14
C0003,Harborview Office Partners LP,531120,MA,4,2016-01-20
C0004,Prairie Ag Equipment Co,423820,KS,6,2011-06-30
C0005,Summit Medical Devices Inc,339112,MN,3,2018-03-05
C0006,Riverbend Apartments LLC,531110,TX,4,2017-07-11
C0007,Lakeside Precision Tooling LLC,332710,OH,5,2014-03-01
C0008,Golden Gate Retail Center LP,531120,CA,6,2013-10-22
C0009,Keystone Building Supply Inc,444110,PA,5,2019-02-18
C0010,Metro Industrial Park LLC,531130,IL,3,2016-08-09
C0011,Coastal Seafood Processors Inc,311710,ME,7,2010-05-17
C0012,Pinecrest Senior Living LLC,531110,NC,5,2020-01-06
C0013,Ironclad Security Services Inc,561612,GA,4,2018-11-13
C0014,Northstar Software Solutions Inc,,WA,3,2021-04-26
C0015,Desert Sun Hospitality Group LLC,721110,NV,7,2015-12-01
C0016,Great Lakes Plastics Corp,326199,MI,6,2012-09-24
C0017,Midtown Office Tower LLC,531120,NY,5,2014-06-16
C0018,Sunbelt Distribution Center LP,531130,FL,4,2019-05-07
C0019,Heritage Furniture Makers Inc,337122,NC,7,2011-02-14
C0020,Bayou Energy Services LLC,213112,LA,8,2013-08-19
C0021,Oakwood Garden Apartments LP,531110,GA,4,2018-10-03
C0022,Frontier Trucking Co,484121,NE,6,2017-03-27
C0023,Crescent Plaza Shopping Center LLC,531120,LA,7,2012-12-10
C0024,Evergreen Pharma Packaging Inc,325412,NJ,3,2020-07-15
C0025,Silverline Auto Parts Inc,441310,TN,5,2016-05-23
C0026,Redwood Craft Brewing Co,312120,OR,6,2022-02-01
