loan_id,as_of_date,outstanding_bal,undrawn_amt,days_past_due,gl_account
LN1001,2026-06-30,4200000,1800000,0,141000
LN1002,2026-06-30,2600000,1400000,0,141000
LN1003,2026-06-30,3100000,1900000,0,141000
LN1004,2026-06-30,16200000,1800000,0,142000
LN1005,2026-06-30,2150000,1350000,0,141000
LN1006,2026-06-30,3900000,3600000,0,141000
LN1007,2026-06-30,19800000,2200000,0,142000
LN1008,2026-06-30,2750000,250000,0,141000
LN1009,2026-06-30,13100000,1900000,0,142000
LN1010,2026-06-30,4350000,150000,0,141000
LN1011,2026-06-30,18300000,1700000,0,142000
LN1012,2026-06-30,6250000,1750000,0,141000
LN1013,2026-06-30,650000,1850000,35,141000
LN1014,2026-06-30,15400000,600000,0,142000
LN1015,2026-06-30,1800000,1200000,0,141000
LN1016,2026-06-30,8600000,400000,0,141000
LN1017,2026-06-30,11200000,800000,0,142000
LN1018,2026-06-30,3300000,2200000,0,141000
LN1019,2026-06-30,27500000,2500000,0,142000
LN1020,2026-06-30,13300000,700000,0,142000
LN1021,2026-06-30,2250000,2250000,0,141000
LN1022,2026-06-30,5400000,600000,62,141000
LN1023,2026-06-30,7800000,2200000,0,142000
LN1024,2026-06-30,11100000,1400000,0,142000
LN1025,2026-06-30,3900000,1100000,0,141000
LN1026,2026-06-30,8800000,700000,0,142000
LN1027,2026-06-30,2200000,4300000,0,141000
LN1028,2026-06-30,1900000,1900000,0,141000
LN1029,2026-06-30,3600000,600000,64,141000
LN1030,2026-06-30,1950000,50000,95,141000
LN1031,2026-06-30,10600000,400000,0,142000
LN1032,2026-06-30,6400000,600000,0,141000
LN1033,2026-06-30,8700000,300000,0,142000
LN1034,2026-06-30,1500000,1300000,0,141000
LN1035,2026-06-30,3100000,400000,31,141000
LN1036,2026-06-30,12800000,200000,0,142000
LN1037,2026-06-30,900000,1600000,0,141000
LN1038,2026-06-30,3000000,200000,0,141000
LN1039,2026-06-30,3800000,1400000,0,141000
LN1040,2026-06-30,8450000,50000,0,142000
