loan_id,customer_id,src_product_code,product_code,portfolio,origination_date,maturity_date,commitment_amt,interest_rate,rate_type,hvcre_flag
LN1001,C0001,CIT,CI_TERM,CI,2021-03-15,2028-03-15,6000000,0.0685,FLOAT,N
LN1002,C0001,CIR,CI_REVOLVER,CI,2023-01-10,2027-01-10,4000000,0.074,FLOAT,N
LN1003,C0002,CIR,CI_REVOLVER,CI,2022-06-01,2027-06-01,5000000,0.076,FLOAT,N
LN1004,C0003,CRO,CRE_OFFICE,CRE,2019-09-30,2029-09-30,18000000,0.0525,FIXED,N
LN1005,C0004,CIT,CI_TERM,CI,2020-11-20,2027-11-20,3500000,0.071,FIXED,N
LN1006,C0005,CIR,CI_REVOLVER,CI,2024-02-12,2029-02-12,7500000,0.069,FLOAT,N
LN1007,C0006,CRM,CRE_MULTIFAMILY,CRE,2018-05-01,2028-05-01,22000000,0.0475,FIXED,N
LN1008,C0007,CIR,CI_REVOLVER,CI,2021-08-18,2026-12-18,3000000,0.0775,FLOAT,N
LN1009,C0008,CRR,CRE_RETAIL,CRE,2017-04-11,2027-04-11,15000000,0.056,FIXED,N
LN1010,C0009,CIR,CI_REVOLVER,CI,2022-10-05,2027-10-05,4500000,0.075,FLOAT,N
LN1011,C0010,CRI,CRE_INDUSTRIAL,CRE,2020-02-28,2030-02-28,20000000,0.051,FIXED,N
LN1012,C0007,CIT,CI_TERM,CI,2022-05-16,2029-05-16,8000000,0.0725,FLOAT,N
LN1013,C0011,CIT,CI_TERM,CI,2019-07-22,2026-07-22,2500000,0.081,FIXED,N
LN1014,C0012,CRM,CRE_MULTIFAMILY,CRE,2021-12-15,2031-12-15,16000000,0.054,FIXED,N
LN1015,C0013,CIR,CI_REVOLVER,CI,2023-04-03,2028-04-03,3000000,0.073,FLOAT,N
LN1016,C0014,CIT,CI_TERM,CI,2024-06-28,2029-06-28,9000000,0.0665,FLOAT,N
LN1017,C0015,CRR,CRE_RETAIL,CRE,2016-03-18,2026-09-18,12000000,0.061,FIXED,N
LN1018,C0016,CIT,CI_TERM,CI,2020-09-09,2027-09-09,5500000,0.0695,FIXED,N
LN1019,C0017,CRO,CRE_OFFICE,CRE,2018-11-01,2028-11-01,30000000,0.049,FIXED,N
LN1020,C0018,CRI,CRE_INDUSTRIAL,CRE,2021-06-14,2031-06-14,14000000,0.053,FIXED,N
LN1021,C0019,CIT,CI_TERM,CI,2019-01-25,2027-01-25,4500000,0.07,FIXED,N
LN1022,C0020,CIR,CI_REVOLVER,CI,2022-03-30,2027-03-30,6000000,0.085,FLOAT,N
LN1023,C0017,CRO,CRE_OFFICE,CRE,2025-01-15,2028-01-15,10000000,0.079,FLOAT,Y
LN1024,C0021,CRM,CRE_MULTIFAMILY,CRE,2019-08-20,2029-08-20,12500000,0.046,FIXED,N
LN1025,C0022,CIT,CI_TERM,CI,2021-10-12,2028-10-12,5000000,0.0715,FIXED,N
LN1026,C0023,CRR,CRE_RETAIL,CRE,2015-07-07,2027-07-07,9500000,0.059,FIXED,N
LN1027,C0024,CIR,CI_REVOLVER,CI,2023-09-19,2028-09-19,6500000,0.068,FLOAT,N
LN1028,C0025,CIT,CI_TERM,CI,2020-04-01,2027-04-01,3800000,0.0705,FIXED,N
LN1029,C0002,CIT,CI_TERM,CI,2021-12-01,2028-12-01,4200000,0.072,FIXED,N
LN1030,C0011,CIR,CI_REVOLVER,CI,2022-07-15,2027-07-15,2000000,0.083,FLOAT,N
LN1031,C0003,CRO,CRE_OFFICE,CRE,2022-11-30,2032-11-30,11000000,0.058,FIXED,N
LN1032,C0005,CIT,CI_TERM,CI,2023-05-22,2030-05-22,7000000,0.067,FLOAT,N
LN1033,C0010,CRI,CRE_INDUSTRIAL,CRE,2024-08-08,2034-08-08,9000000,0.062,FIXED,N
LN1034,C0013,CIT,CI_TERM,CI,2022-01-18,2027-01-18,2800000,0.0735,FIXED,N
LN1035,C0015,CIR,CI_REVOLVER,CI,2023-02-27,2027-02-27,3500000,0.082,FLOAT,N
LN1036,C0012,CRM,CRE_MULTIFAMILY,CRE,2024-10-01,2034-10-01,13000000,0.06,FIXED,N
LN1037,C0022,CIR,CI_REVOLVER,CI,2024-03-11,2028-03-11,2500000,0.076,FLOAT,N
LN1038,C0026,CIT,CI_TERM,CI,2025-02-03,2030-02-03,3200000,0.0745,FLOAT,N
LN1039,C0024,CIT,CI_TERM,CI,2021-06-25,2028-06-25,5200000,0.0655,FIXED,N
LN1040,C0021,CRM,CRE_MULTIFAMILY,CRE,2025-04-30,2035-04-30,8500000,0.063,FIXED,N
