loan_id,current_status
LN1001,CURRENT
LN1002,CURRENT
LN1003,CURRENT
LN1004,CURRENT
LN1005,CURRENT
LN1006,CURRENT
LN1007,CURRENT
LN1008,CURRENT
LN1009,CURRENT
LN1010,CURRENT
LN1011,CURRENT
LN1012,CURRENT
LN1013,DPD30
LN1014,CURRENT
LN1015,CURRENT
LN1016,CURRENT
LN1017,NONACCRUAL
LN1018,CURRENT
LN1019,CURRENT
LN1020,CURRENT
LN1021,CURRENT
LN1022,DPD60
LN1023,CURRENT
LN1024,CURRENT
LN1025,CURRENT
LN1026,CURRENT
LN1027,CURRENT
LN1028,CURRENT
LN1029,DPD60
LN1030,DPD90
LN1031,CURRENT
LN1032,CURRENT
LN1033,CURRENT
LN1034,CURRENT
LN1035,DPD30
LN1036,CURRENT
LN1037,CURRENT
LN1038,CURRENT
LN1039,CURRENT
LN1040,CURRENT
