loan_id,portfolio,product,rating,status,scenario,outstanding,undrawn,ead,base_pd,stressed_pd,cum_pd,lgd,loss,rw,rwa,rate
LN1001,CI,CI_TERM,4,CURRENT,BASE,4200000,1800000,5100000.0,0.008,0.008,0.018,0.45,41310.0,1.0,5100000.0,0.0685
LN1001,CI,CI_TERM,4,CURRENT,MOD,4200000,1800000,5100000.0,0.008,0.0144,0.0324,0.45,74358.0,1.0,5100000.0,0.0685
LN1001,CI,CI_TERM,4,CURRENT,SEV,4200000,1800000,5100000.0,0.008,0.024,0.054,0.45,123930.0,1.0,5100000.0,0.0685
LN1002,CI,CI_REVOLVER,4,CURRENT,BASE,2600000,1400000,3300000.0,0.008,0.008,0.018,0.45,26730.0,1.0,3300000.0,0.074
LN1002,CI,CI_REVOLVER,4,CURRENT,MOD,2600000,1400000,3300000.0,0.008,0.0144,0.0324,0.45,48114.0,1.0,3300000.0,0.074
LN1002,CI,CI_REVOLVER,4,CURRENT,SEV,2600000,1400000,3300000.0,0.008,0.024,0.054,0.45,80190.0,1.0,3300000.0,0.074
LN1003,CI,CI_REVOLVER,5,CURRENT,BASE,3100000,1900000,4050000.0,0.02,0.02,0.045,0.444444,81000.0,1.0,4050000.0,0.076
LN1003,CI,CI_REVOLVER,5,CURRENT,MOD,3100000,1900000,4050000.0,0.02,0.036,0.081,0.45,147622.5,1.0,4050000.0,0.076
LN1003,CI,CI_REVOLVER,5,CURRENT,SEV,3100000,1900000,4050000.0,0.02,0.06,0.135,0.45,246037.5,1.0,4050000.0,0.076
LN1004,CRE,CRE_OFFICE,4,CURRENT,BASE,16200000,1800000,17100000.0,0.008,0.008,0.018,0.1,30780.0,1.0,17100000.0,0.0525
LN1004,CRE,CRE_OFFICE,4,CURRENT,MOD,16200000,1800000,17100000.0,0.008,0.016,0.036,0.1,61560.0,1.0,17100000.0,0.0525
LN1004,CRE,CRE_OFFICE,4,CURRENT,SEV,16200000,1800000,17100000.0,0.008,0.028,0.063,0.210526,226800.0,1.0,17100000.0,0.0525
LN1005,CI,CI_TERM,6,CURRENT,BASE,2150000,1350000,2825000.0,0.04,0.04,0.09,0.426549,108450.0,1.0,2825000.0,0.071
LN1005,CI,CI_TERM,6,CURRENT,MOD,2150000,1350000,2825000.0,0.04,0.072,0.162,0.45,205942.5,1.0,2825000.0,0.071
LN1005,CI,CI_TERM,6,CURRENT,SEV,2150000,1350000,2825000.0,0.04,0.12,0.27,0.45,343237.5,1.0,2825000.0,0.071
LN1006,CI,CI_REVOLVER,3,CURRENT,BASE,3900000,3600000,5700000.0,0.003,0.003,0.00675,0.45,17313.75,1.0,5700000.0,0.069
LN1006,CI,CI_REVOLVER,3,CURRENT,MOD,3900000,3600000,5700000.0,0.003,0.0054,0.01215,0.45,31164.75,1.0,5700000.0,0.069
LN1006,CI,CI_REVOLVER,3,CURRENT,SEV,3900000,3600000,5700000.0,0.003,0.009,0.02025,0.45,51941.25,1.0,5700000.0,0.069
LN1007,CRE,CRE_MULTIFAMILY,4,CURRENT,BASE,19800000,2200000,20900000.0,0.008,0.008,0.018,0.1,37620.0,1.0,20900000.0,0.0475
LN1007,CRE,CRE_MULTIFAMILY,4,CURRENT,MOD,19800000,2200000,20900000.0,0.008,0.016,0.036,0.1,75240.0,1.0,20900000.0,0.0475
LN1007,CRE,CRE_MULTIFAMILY,4,CURRENT,SEV,19800000,2200000,20900000.0,0.008,0.028,0.063,0.147368,194040.0,1.0,20900000.0,0.0475
LN1008,CI,CI_REVOLVER,5,CURRENT,BASE,2750000,250000,2875000.0,0.02,0.02,0.045,0.45,58218.75,1.0,2875000.0,0.0775
LN1008,CI,CI_REVOLVER,5,CURRENT,MOD,2750000,250000,2875000.0,0.02,0.036,0.081,0.45,104793.75,1.0,2875000.0,0.0775
LN1008,CI,CI_REVOLVER,5,CURRENT,SEV,2750000,250000,2875000.0,0.02,0.06,0.135,0.45,174656.25,1.0,2875000.0,0.0775
LN1009,CRE,CRE_RETAIL,6,CURRENT,BASE,13100000,1900000,14050000.0,0.04,0.04,0.09,0.1,126450.0,1.0,14050000.0,0.056
LN1009,CRE,CRE_RETAIL,6,CURRENT,MOD,13100000,1900000,14050000.0,0.04,0.08,0.18,0.1,252900.0,1.0,14050000.0,0.056
LN1009,CRE,CRE_RETAIL,6,CURRENT,SEV,13100000,1900000,14050000.0,0.04,0.14,0.315,0.269751,1193850.0,1.0,14050000.0,0.056
LN1010,CI,CI_REVOLVER,5,CURRENT,BASE,4350000,150000,4425000.0,0.02,0.02,0.045,0.45,89606.25,1.0,4425000.0,0.075
LN1010,CI,CI_REVOLVER,5,CURRENT,MOD,4350000,150000,4425000.0,0.02,0.036,0.081,0.45,161291.25,1.0,4425000.0,0.075
LN1010,CI,CI_REVOLVER,5,CURRENT,SEV,4350000,150000,4425000.0,0.02,0.06,0.135,0.45,268818.75,1.0,4425000.0,0.075
LN1011,CRE,CRE_INDUSTRIAL,3,CURRENT,BASE,18300000,1700000,19150000.0,0.003,0.003,0.00675,0.1,12926.25,1.0,19150000.0,0.051
LN1011,CRE,CRE_INDUSTRIAL,3,CURRENT,MOD,18300000,1700000,19150000.0,0.003,0.006,0.0135,0.1,25852.5,1.0,19150000.0,0.051
LN1011,CRE,CRE_INDUSTRIAL,3,CURRENT,SEV,18300000,1700000,19150000.0,0.003,0.0105,0.023625,0.1,45241.88,1.0,19150000.0,0.051
LN1012,CI,CI_TERM,5,CURRENT,BASE,6250000,1750000,7125000.0,0.02,0.02,0.045,0.45,144281.25,1.0,7125000.0,0.0725
LN1012,CI,CI_TERM,5,CURRENT,MOD,6250000,1750000,7125000.0,0.02,0.036,0.081,0.45,259706.25,1.0,7125000.0,0.0725
LN1012,CI,CI_TERM,5,CURRENT,SEV,6250000,1750000,7125000.0,0.02,0.06,0.135,0.45,432843.75,1.0,7125000.0,0.0725
LN1013,CI,CI_TERM,7,DPD30,BASE,650000,1850000,1575000.0,0.15,0.15,0.3375,0.45,239203.12,1.0,1575000.0,0.081
LN1013,CI,CI_TERM,7,DPD30,MOD,650000,1850000,1575000.0,0.15,0.27,0.6075,0.45,430565.63,1.0,1575000.0,0.081
LN1013,CI,CI_TERM,7,DPD30,SEV,650000,1850000,1575000.0,0.15,0.45,1.0,0.45,708750.0,1.0,1575000.0,0.081
LN1014,CRE,CRE_MULTIFAMILY,5,CURRENT,BASE,15400000,600000,15700000.0,0.02,0.02,0.045,0.1,70650.0,1.0,15700000.0,0.054
LN1014,CRE,CRE_MULTIFAMILY,5,CURRENT,MOD,15400000,600000,15700000.0,0.02,0.04,0.09,0.1,141300.0,1.0,15700000.0,0.054
LN1014,CRE,CRE_MULTIFAMILY,5,CURRENT,SEV,15400000,600000,15700000.0,0.02,0.07,0.1575,0.243312,601650.0,1.0,15700000.0,0.054
LN1015,CI,CI_REVOLVER,4,CURRENT,BASE,1800000,1200000,2400000.0,0.008,0.008,0.018,0.45,19440.0,1.0,2400000.0,0.073
LN1015,CI,CI_REVOLVER,4,CURRENT,MOD,1800000,1200000,2400000.0,0.008,0.0144,0.0324,0.45,34992.0,1.0,2400000.0,0.073
LN1015,CI,CI_REVOLVER,4,CURRENT,SEV,1800000,1200000,2400000.0,0.008,0.024,0.054,0.45,58320.0,1.0,2400000.0,0.073
LN1016,CI,CI_TERM,3,CURRENT,BASE,8600000,400000,8800000.0,0.003,0.003,0.00675,0.45,26730.0,1.0,8800000.0,0.0665
LN1016,CI,CI_TERM,3,CURRENT,MOD,8600000,400000,8800000.0,0.003,0.0054,0.01215,0.45,48114.0,1.0,8800000.0,0.0665
LN1016,CI,CI_TERM,3,CURRENT,SEV,8600000,400000,8800000.0,0.003,0.009,0.02025,0.45,80190.0,1.0,8800000.0,0.0665
LN1017,CRE,CRE_RETAIL,7,NONACCRUAL,BASE,11200000,800000,11600000.0,1.0,1.0,1.0,0.1,1160000.0,1.5,17400000.0,0.061
LN1017,CRE,CRE_RETAIL,7,NONACCRUAL,MOD,11200000,800000,11600000.0,1.0,1.0,1.0,0.224138,2600000.0,1.5,17400000.0,0.061
LN1017,CRE,CRE_RETAIL,7,NONACCRUAL,SEV,11200000,800000,11600000.0,1.0,1.0,1.0,0.418103,4850000.0,1.5,17400000.0,0.061
LN1018,CI,CI_TERM,6,CURRENT,BASE,3300000,2200000,4400000.0,0.04,0.04,0.09,0.45,178200.0,1.0,4400000.0,0.0695
LN1018,CI,CI_TERM,6,CURRENT,MOD,3300000,2200000,4400000.0,0.04,0.072,0.162,0.45,320760.0,1.0,4400000.0,0.0695
LN1018,CI,CI_TERM,6,CURRENT,SEV,3300000,2200000,4400000.0,0.04,0.12,0.27,0.45,534600.0,1.0,4400000.0,0.0695
LN1019,CRE,CRE_OFFICE,5,CURRENT,BASE,27500000,2500000,28750000.0,0.02,0.02,0.045,0.1,129375.0,1.0,28750000.0,0.049
LN1019,CRE,CRE_OFFICE,5,CURRENT,MOD,27500000,2500000,28750000.0,0.02,0.04,0.09,0.1,258750.0,1.0,28750000.0,0.049
LN1019,CRE,CRE_OFFICE,5,CURRENT,SEV,27500000,2500000,28750000.0,0.02,0.07,0.1575,0.323826,1466325.0,1.0,28750000.0,0.049
LN1020,CRE,CRE_INDUSTRIAL,4,CURRENT,BASE,13300000,700000,13650000.0,0.008,0.008,0.018,0.1,24570.0,1.0,13650000.0,0.053
LN1020,CRE,CRE_INDUSTRIAL,4,CURRENT,MOD,13300000,700000,13650000.0,0.008,0.016,0.036,0.1,49140.0,1.0,13650000.0,0.053
LN1020,CRE,CRE_INDUSTRIAL,4,CURRENT,SEV,13300000,700000,13650000.0,0.008,0.028,0.063,0.169231,145530.0,1.0,13650000.0,0.053
LN1021,CI,CI_TERM,7,CURRENT,BASE,2250000,2250000,3375000.0,0.08,0.08,0.18,0.45,273375.0,1.0,3375000.0,0.07
LN1021,CI,CI_TERM,7,CURRENT,MOD,2250000,2250000,3375000.0,0.08,0.144,0.324,0.45,492075.0,1.0,3375000.0,0.07
LN1021,CI,CI_TERM,7,CURRENT,SEV,2250000,2250000,3375000.0,0.08,0.24,0.54,0.45,820125.0,1.0,3375000.0,0.07
LN1022,CI,CI_REVOLVER,8,DPD60,BASE,5400000,600000,5700000.0,0.15,0.15,0.3375,0.447368,860625.0,1.0,5700000.0,0.085
LN1022,CI,CI_REVOLVER,8,DPD60,MOD,5400000,600000,5700000.0,0.15,0.27,0.6075,0.45,1558237.5,1.0,5700000.0,0.085
LN1022,CI,CI_REVOLVER,8,DPD60,SEV,5400000,600000,5700000.0,0.15,0.45,1.0,0.45,2565000.0,1.0,5700000.0,0.085
LN1023,CRE,CRE_OFFICE,5,CURRENT,BASE,7800000,2200000,8900000.0,0.02,0.02,0.045,0.1,40050.0,1.5,13350000.0,0.079
LN1023,CRE,CRE_OFFICE,5,CURRENT,MOD,7800000,2200000,8900000.0,0.02,0.04,0.09,0.1,80100.0,1.5,13350000.0,0.079
LN1023,CRE,CRE_OFFICE,5,CURRENT,SEV,7800000,2200000,8900000.0,0.02,0.07,0.1575,0.302247,423675.0,1.5,13350000.0,0.079
LN1024,CRE,CRE_MULTIFAMILY,4,CURRENT,BASE,11100000,1400000,11800000.0,0.008,0.008,0.018,0.1,21240.0,1.0,11800000.0,0.046
LN1024,CRE,CRE_MULTIFAMILY,4,CURRENT,MOD,11100000,1400000,11800000.0,0.008,0.016,0.036,0.1,42480.0,1.0,11800000.0,0.046
LN1024,CRE,CRE_MULTIFAMILY,4,CURRENT,SEV,11100000,1400000,11800000.0,0.008,0.028,0.063,0.199153,148050.0,1.0,11800000.0,0.046
LN1025,CI,CI_TERM,6,CURRENT,BASE,3900000,1100000,4450000.0,0.04,0.04,0.09,0.433708,173700.0,1.0,4450000.0,0.0715
LN1025,CI,CI_TERM,6,CURRENT,MOD,3900000,1100000,4450000.0,0.04,0.072,0.162,0.45,324405.0,1.0,4450000.0,0.0715
LN1025,CI,CI_TERM,6,CURRENT,SEV,3900000,1100000,4450000.0,0.04,0.12,0.27,0.45,540675.0,1.0,4450000.0,0.0715
LN1026,CRE,CRE_RETAIL,7,CURRENT,BASE,8800000,700000,9150000.0,0.08,0.08,0.18,0.1,164700.0,1.0,9150000.0,0.059
LN1026,CRE,CRE_RETAIL,7,CURRENT,MOD,8800000,700000,9150000.0,0.08,0.16,0.36,0.134426,442800.0,1.0,9150000.0,0.059
LN1026,CRE,CRE_RETAIL,7,CURRENT,SEV,8800000,700000,9150000.0,0.08,0.28,0.63,0.35082,2022300.0,1.0,9150000.0,0.059
LN1027,CI,CI_REVOLVER,3,CURRENT,BASE,2200000,4300000,4350000.0,0.003,0.003,0.00675,0.45,13213.12,1.0,4350000.0,0.068
LN1027,CI,CI_REVOLVER,3,CURRENT,MOD,2200000,4300000,4350000.0,0.003,0.0054,0.01215,0.45,23783.63,1.0,4350000.0,0.068
LN1027,CI,CI_REVOLVER,3,CURRENT,SEV,2200000,4300000,4350000.0,0.003,0.009,0.02025,0.45,39639.38,1.0,4350000.0,0.068
LN1028,CI,CI_TERM,5,CURRENT,BASE,1900000,1900000,2850000.0,0.02,0.02,0.045,0.45,57712.5,1.0,2850000.0,0.0705
LN1028,CI,CI_TERM,5,CURRENT,MOD,1900000,1900000,2850000.0,0.02,0.036,0.081,0.45,103882.5,1.0,2850000.0,0.0705
LN1028,CI,CI_TERM,5,CURRENT,SEV,1900000,1900000,2850000.0,0.02,0.06,0.135,0.45,173137.5,1.0,2850000.0,0.0705
LN1029,CI,CI_TERM,5,DPD60,BASE,3600000,600000,3900000.0,0.15,0.15,0.3375,0.45,592312.5,1.0,3900000.0,0.072
LN1029,CI,CI_TERM,5,DPD60,MOD,3600000,600000,3900000.0,0.15,0.27,0.6075,0.45,1066162.5,1.0,3900000.0,0.072
LN1029,CI,CI_TERM,5,DPD60,SEV,3600000,600000,3900000.0,0.15,0.45,1.0,0.45,1755000.0,1.0,3900000.0,0.072
LN1030,CI,CI_REVOLVER,7,DPD90,BASE,1950000,50000,1975000.0,1.0,1.0,1.0,0.45,888750.0,1.5,2962500.0,0.083
LN1030,CI,CI_REVOLVER,7,DPD90,MOD,1950000,50000,1975000.0,1.0,1.0,1.0,0.45,888750.0,1.5,2962500.0,0.083
LN1030,CI,CI_REVOLVER,7,DPD90,SEV,1950000,50000,1975000.0,1.0,1.0,1.0,0.45,888750.0,1.5,2962500.0,0.083
LN1031,CRE,CRE_OFFICE,4,CURRENT,BASE,10600000,400000,10800000.0,0.008,0.008,0.018,0.1,19440.0,1.0,10800000.0,0.058
LN1031,CRE,CRE_OFFICE,4,CURRENT,MOD,10600000,400000,10800000.0,0.008,0.016,0.036,0.1,38880.0,1.0,10800000.0,0.058
LN1031,CRE,CRE_OFFICE,4,CURRENT,SEV,10600000,400000,10800000.0,0.008,0.028,0.063,0.2,136080.0,1.0,10800000.0,0.058
LN1032,CI,CI_TERM,3,CURRENT,BASE,6400000,600000,6700000.0,0.003,0.003,0.00675,0.45,20351.25,1.0,6700000.0,0.067
LN1032,CI,CI_TERM,3,CURRENT,MOD,6400000,600000,6700000.0,0.003,0.0054,0.01215,0.45,36632.25,1.0,6700000.0,0.067
LN1032,CI,CI_TERM,3,CURRENT,SEV,6400000,600000,6700000.0,0.003,0.009,0.02025,0.45,61053.75,1.0,6700000.0,0.067
LN1033,CRE,CRE_INDUSTRIAL,3,CURRENT,BASE,8700000,300000,8850000.0,0.003,0.003,0.00675,0.1,5973.75,1.0,8850000.0,0.062
LN1033,CRE,CRE_INDUSTRIAL,3,CURRENT,MOD,8700000,300000,8850000.0,0.003,0.006,0.0135,0.1,11947.5,1.0,8850000.0,0.062
LN1033,CRE,CRE_INDUSTRIAL,3,CURRENT,SEV,8700000,300000,8850000.0,0.003,0.0105,0.023625,0.176271,36855.0,1.0,8850000.0,0.062
LN1034,CI,CI_TERM,4,CURRENT,BASE,1500000,1300000,2150000.0,0.008,0.008,0.018,0.45,17415.0,1.0,2150000.0,0.0735
LN1034,CI,CI_TERM,4,CURRENT,MOD,1500000,1300000,2150000.0,0.008,0.0144,0.0324,0.45,31347.0,1.0,2150000.0,0.0735
LN1034,CI,CI_TERM,4,CURRENT,SEV,1500000,1300000,2150000.0,0.008,0.024,0.054,0.45,52245.0,1.0,2150000.0,0.0735
LN1035,CI,CI_REVOLVER,7,DPD30,BASE,3100000,400000,3300000.0,0.15,0.15,0.3375,0.45,501187.5,1.0,3300000.0,0.082
LN1035,CI,CI_REVOLVER,7,DPD30,MOD,3100000,400000,3300000.0,0.15,0.27,0.6075,0.45,902137.5,1.0,3300000.0,0.082
LN1035,CI,CI_REVOLVER,7,DPD30,SEV,3100000,400000,3300000.0,0.15,0.45,1.0,0.45,1485000.0,1.0,3300000.0,0.082
LN1036,CRE,CRE_MULTIFAMILY,5,CURRENT,BASE,12800000,200000,12900000.0,0.02,0.02,0.045,0.1,58050.0,1.0,12900000.0,0.06
LN1036,CRE,CRE_MULTIFAMILY,5,CURRENT,MOD,12800000,200000,12900000.0,0.02,0.04,0.09,0.1,116100.0,1.0,12900000.0,0.06
LN1036,CRE,CRE_MULTIFAMILY,5,CURRENT,SEV,12800000,200000,12900000.0,0.02,0.07,0.1575,0.225581,458325.0,1.0,12900000.0,0.06
LN1037,CI,CI_REVOLVER,6,CURRENT,BASE,900000,1600000,1700000.0,0.04,0.04,0.09,0.205882,31500.0,1.0,1700000.0,0.076
LN1037,CI,CI_REVOLVER,6,CURRENT,MOD,900000,1600000,1700000.0,0.04,0.072,0.162,0.325,89505.0,1.0,1700000.0,0.076
LN1037,CI,CI_REVOLVER,6,CURRENT,SEV,900000,1600000,1700000.0,0.04,0.12,0.27,0.444118,203850.0,1.0,1700000.0,0.076
LN1038,CI,CI_TERM,6,CURRENT,BASE,3000000,200000,3100000.0,0.04,0.04,0.09,0.45,125550.0,1.0,3100000.0,0.0745
LN1038,CI,CI_TERM,6,CURRENT,MOD,3000000,200000,3100000.0,0.04,0.072,0.162,0.45,225990.0,1.0,3100000.0,0.0745
LN1038,CI,CI_TERM,6,CURRENT,SEV,3000000,200000,3100000.0,0.04,0.12,0.27,0.45,376650.0,1.0,3100000.0,0.0745
LN1039,CI,CI_TERM,3,CURRENT,BASE,3800000,1400000,4500000.0,0.003,0.003,0.00675,0.45,13668.75,1.0,4500000.0,0.0655
LN1039,CI,CI_TERM,3,CURRENT,MOD,3800000,1400000,4500000.0,0.003,0.0054,0.01215,0.45,24603.75,1.0,4500000.0,0.0655
LN1039,CI,CI_TERM,3,CURRENT,SEV,3800000,1400000,4500000.0,0.003,0.009,0.02025,0.45,41006.25,1.0,4500000.0,0.0655
LN1040,CRE,CRE_MULTIFAMILY,4,CURRENT,BASE,8450000,50000,8475000.0,0.008,0.008,0.018,0.1,15255.0,1.0,8475000.0,0.063
LN1040,CRE,CRE_MULTIFAMILY,4,CURRENT,MOD,8450000,50000,8475000.0,0.008,0.016,0.036,0.1,30510.0,1.0,8475000.0,0.063
LN1040,CRE,CRE_MULTIFAMILY,4,CURRENT,SEV,8450000,50000,8475000.0,0.008,0.028,0.063,0.235398,125685.0,1.0,8475000.0,0.063
